{"name":"c3870547-e691-4f06-8758-6c4c7ad1e0e2","id":"/providers/Microsoft.Flow/flows/c3870547-e691-4f06-8758-6c4c7ad1e0e2","type":"Microsoft.Flow/flows","properties":{"apiId":"/providers/Microsoft.PowerApps/apis/shared_logicflows","displayName":"Mindee / SharePoint Online integration","definition":{"metadata":{"workflowEntityId":null,"flowclientsuspensionreason":"None","flowclientsuspensiontime":null,"creator":{"id":"21319b78-ac45-40bc-9cf7-ab87e71be234","type":"User","tenantId":"d5f3d3cf-a8c7-4ba4-acbb-5f9055cf0803"},"provisioningMethod":"FromDefinition","failureAlertSubscription":true,"clientLastModifiedTime":"2020-12-31T00:38:39.1698863Z"},"$schema":"https://schema.management.azure.com/providers/Microsoft.Logic/schemas/2016-06-01/workflowdefinition.json#","contentVersion":"1.0.0.0","parameters":{"$connections":{"defaultValue":{},"type":"Object"},"$authentication":{"defaultValue":{},"type":"SecureObject"}},"triggers":{"On_new_email":{"recurrence":{"frequency":"Minute","interval":3},"splitOn":"@triggerOutputs()?['body/value']","type":"OpenApiConnection","inputs":{"host":{"apiId":"/providers/Microsoft.PowerApps/apis/shared_office365","connectionName":"shared_office365_1","operationId":"OnNewEmailV3"},"parameters":{"folderPath":"Inbox","to":"invoices@riolinx.com","includeAttachments":true,"importance":"Normal","fetchOnlyWithAttachment":true},"authentication":"@parameters('$authentication')"}}},"actions":{"Apply_to_each_Attachment_on_the_email":{"foreach":"@triggerOutputs()?['body/attachments']","actions":{"Create_file":{"runAfter":{},"type":"OpenApiConnection","inputs":{"host":{"apiId":"/providers/Microsoft.PowerApps/apis/shared_sharepointonline","connectionName":"shared_sharepointonline","operationId":"CreateFile"},"parameters":{"dataset":"https://riolinx365.sharepoint.com/sites/Mindee","folderPath":"/Invoices","name":"@items('Apply_to_each_Attachment_on_the_email')?['name']","body":"@items('Apply_to_each_Attachment_on_the_email')?['contentBytes']"},"authentication":"@parameters('$authentication')"},"runtimeConfiguration":{"contentTransfer":{"transferMode":"Chunked"}}},"HTTP":{"runAfter":{"Create_file":["Succeeded"]},"type":"Http","inputs":{"method":"POST","uri":"https://api.mindee.net/products/invoices/v2/predict","headers":{"X-Inferuser-Token":"5eb0961348d893d2d790fc1356149095","content-type":"multipart/form-data; boundary=----WebKitFormBoundary7MA4YWxkTrZu0gW'"},"body":{"$content-type":"multipart/form-data","$multipart":[{"body":{"$content-type":"@items('Apply_to_each_Attachment_on_the_email')?['contentType']","$content":"@items('Apply_to_each_Attachment_on_the_email')?['contentBytes']"},"headers":{"Content-Disposition":"form-data;name=file;filename=@{items('Apply_to_each_Attachment_on_the_email')?['name']}"}}]}}},"Parse_JSON":{"runAfter":{"HTTP":["Succeeded"]},"type":"ParseJson","inputs":{"content":"@body('HTTP')","schema":{"type":"object","properties":{"call":{"type":"object","properties":{"endpoint":{"type":"object","properties":{"name":{"type":"string"},"version":{"type":"string"}}},"finished_at":{"type":"string"},"id":{"type":"string"},"n_documents":{"type":"integer"},"n_inputs":{"type":"integer"},"processing_time":{"type":"number"},"started_at":{"type":"string"}}},"documents":{"type":"array","items":{"type":"object","properties":{"id":{"type":"string"},"name":{"type":"string"}},"required":["id","name"]}},"predictions":{"type":"array","items":{"type":"object","properties":{"company_registration":{"type":"array","items":{"type":"object","properties":{"probability":{"type":"number"},"segmentation":{"type":"object","properties":{"bounding_box":{"type":"array","items":{"type":"array","items":{"type":"number"}}}}},"type":{"type":"string"},"value":{"type":"string"}},"required":["probability","segmentation","type","value"]}},"date":{"type":"object","properties":{"probability":{"type":"number"},"segmentation":{"type":"object","properties":{"bounding_box":{"type":"array","items":{"type":"array","items":{"type":"number"}}}}},"value":{"type":"string"}}},"document_type":{"type":"object","properties":{"value":{"type":"string"}}},"due_date":{"type":"object","properties":{"probability":{"type":"number"},"raw":{"type":"string"},"segmentation":{"type":"object","properties":{"bounding_box":{"type":"array","items":{"type":"array","items":{"type":"number"}}}}},"value":{"type":"string"}}},"invoice_number":{"type":"object","properties":{"probability":{"type":"number"},"segmentation":{"type":"object","properties":{"bounding_box":{"type":"array","items":{"type":"array","items":{"type":"number"}}}}},"value":{"type":"string"}}},"locale":{"type":"object","properties":{"currency":{"type":"string"},"language":{"type":"string"},"probability":{"type":"number"}}},"orientation":{"type":"object","properties":{"degrees":{"type":"integer"},"probability":{"type":"number"}}},"payment_details":{"type":"array"},"supplier":{"type":"object","properties":{"probability":{"type":"number"},"segmentation":{"type":"object","properties":{"bounding_box":{"type":"array"}}},"value":{"type":"string"}}},"taxes":{"type":"array","items":{"type":"object","properties":{"probability":{"type":"number"},"rate":{"type":"integer"},"segmentation":{"type":"object","properties":{"bounding_box":{"type":"array","items":{"type":"array","items":{"type":"number"}}}}},"value":{}},"required":["probability","rate","segmentation","value"]}},"total_excl":{"type":"object","properties":{"probability":{"type":"number"},"segmentation":{"type":"object","properties":{"bounding_box":{"type":"array","items":{"type":"array","items":{"type":"number"}}}}},"value":{}}},"total_incl":{"type":"object","properties":{"probability":{"type":"number"},"segmentation":{"type":"object","properties":{"bounding_box":{"type":"array","items":{"type":"array","items":{"type":"number"}}}}},"value":{}}}},"required":["company_registration","date","document_type","due_date","invoice_number","locale","orientation","payment_details","supplier","taxes","total_excl","total_incl"]}}}}}},"Update_Excel_Online_spreadsheet":{"foreach":"@body('Parse_JSON')?['predictions']","actions":{"Add_a_row_into_a_table":{"runAfter":{"Update_file_properties":["Succeeded"]},"metadata":{"01B7Z43POB2H5DVZLBERAZAUZR5A3MR3TF":"/invoice_excel.xlsx","tableId":"{AC9B3E16-5B94-4DD5-8800-005EFF17E0B4}"},"type":"OpenApiConnection","inputs":{"host":{"apiId":"/providers/Microsoft.PowerApps/apis/shared_excelonlinebusiness","connectionName":"shared_excelonlinebusiness","operationId":"AddRowV2"},"parameters":{"source":"me","drive":"b!R4MdvW_FQ0uQcm_vambP2IPo9GuuKmVNkKyzGr0_-KY7in5JaBeASLN2ouDQ_3bz","file":"01B7Z43POB2H5DVZLBERAZAUZR5A3MR3TF","table":"{AC9B3E16-5B94-4DD5-8800-005EFF17E0B4}","item/Name":"@items('Update_Excel_Online_spreadsheet')?['supplier']?['value']","item/invoice number":"@items('Update_Excel_Online_spreadsheet')?['invoice_number']?['value']","item/Date":"@items('Update_Excel_Online_spreadsheet')?['date']?['value']","item/Due Date":"@items('Update_Excel_Online_spreadsheet')?['due_date']?['value']","item/currency":"@items('Update_Excel_Online_spreadsheet')?['locale']?['currency']","item/before tax":"@items('Update_Excel_Online_spreadsheet')?['total_excl']?['value']","item/after tax":"@items('Update_Excel_Online_spreadsheet')?['total_incl']?['value']","item/filename":"@outputs('Create_file')?['body/Name']","item/file path":"@outputs('Create_file')?['body/Path']"},"authentication":"@parameters('$authentication')"}},"Set_Invoice_Date_variable":{"runAfter":{},"type":"SetVariable","inputs":{"name":"InvoiceDate","value":"@items('Update_Excel_Online_spreadsheet')?['date']?['value']"}},"Set_Due_Date_variable":{"runAfter":{"Set_Invoice_Date_variable":["Succeeded"]},"type":"SetVariable","inputs":{"name":"DueDate","value":"@items('Update_Excel_Online_spreadsheet')?['due_date']?['value']"}},"Set_Supplier_variable":{"runAfter":{"Set_Due_Date_variable":["Succeeded"]},"type":"SetVariable","inputs":{"name":"Supplier","value":"@items('Update_Excel_Online_spreadsheet')?['supplier']?['value']"}},"Set_Invoice_Number_variable":{"runAfter":{"Set_Supplier_variable":["Succeeded"]},"type":"SetVariable","inputs":{"name":"InvoiceNumber","value":"@items('Update_Excel_Online_spreadsheet')?['invoice_number']?['value']"}},"Set_Total_Including_Taxes_variable":{"runAfter":{"Set_Invoice_Number_variable":["Succeeded"]},"type":"SetVariable","inputs":{"name":"TotalIncl","value":"@string(items('Update_Excel_Online_spreadsheet')?['total_incl']?['value'])"}},"Set_Total_Excluding_Taxes_variable":{"runAfter":{"Set_Total_Including_Taxes_variable":["Succeeded"]},"type":"SetVariable","inputs":{"name":"TotalExcl","value":"@string(items('Update_Excel_Online_spreadsheet')?['total_excl']?['value'])"}},"Update_file_properties":{"runAfter":{"Set_Language_variable":["Succeeded"]},"type":"OpenApiConnection","inputs":{"host":{"apiId":"/providers/Microsoft.PowerApps/apis/shared_sharepointonline","connectionName":"shared_sharepointonline","operationId":"PatchFileItem"},"parameters":{"dataset":"https://riolinx365.sharepoint.com/sites/Mindee","table":"503a9aed-4e65-4a3d-be89-21431ac8ce9f","id":"@outputs('Create_file')?['body/ItemId']","item/InvoiceDate":"@variables('InvoiceDate')","item/DueDate":"@variables('DueDate')","item/Supplier":"@variables('Supplier')","item/InvoiceNumber":"@variables('InvoiceNumber')","item/Currency":"@variables('Currency')","item/Language":"@variables('Language')","item/TotalIncludingTaxes":"@variables('TotalIncl')","item/TotalExcl_x002e_":"@variables('TotalExcl')"},"authentication":"@parameters('$authentication')"}},"Set_Currency_variable":{"runAfter":{"Set_Total_Excluding_Taxes_variable":["Succeeded"]},"type":"SetVariable","inputs":{"name":"Currency","value":"@items('Update_Excel_Online_spreadsheet')?['locale']?['currency']"}},"Set_Language_variable":{"runAfter":{"Set_Currency_variable":["Succeeded"]},"type":"SetVariable","inputs":{"name":"Language","value":"@items('Update_Excel_Online_spreadsheet')?['locale']?['language']"}}},"runAfter":{"Parse_JSON":["Succeeded"]},"type":"Foreach"}},"runAfter":{"Initialize_Total_Excluding_Taxes_variable":["Succeeded"]},"type":"Foreach"},"Initialize_Invoice_Date_variable":{"runAfter":{},"type":"InitializeVariable","inputs":{"variables":[{"name":"InvoiceDate","type":"string"}]}},"Initialize_Due_Date_variable":{"runAfter":{"Initialize_Invoice_Date_variable":["Succeeded"]},"type":"InitializeVariable","inputs":{"variables":[{"name":"DueDate","type":"string"}]}},"Initialize_Supplier_variable":{"runAfter":{"Initialize_Due_Date_variable":["Succeeded"]},"type":"InitializeVariable","inputs":{"variables":[{"name":"Supplier","type":"string"}]}},"Initialize_Invoice_Number_variable":{"runAfter":{"Initialize_Supplier_variable":["Succeeded"]},"type":"InitializeVariable","inputs":{"variables":[{"name":"InvoiceNumber","type":"string"}]}},"Initialize_Currency_variable":{"runAfter":{"Initialize_Invoice_Number_variable":["Succeeded"]},"type":"InitializeVariable","inputs":{"variables":[{"name":"Currency","type":"string"}]}},"Initialize_Language_variable":{"runAfter":{"Initialize_Currency_variable":["Succeeded"]},"type":"InitializeVariable","inputs":{"variables":[{"name":"Language","type":"string"}]}},"Initialize_Total_Including_Taxes_variable":{"runAfter":{"Initialize_Language_variable":["Succeeded"]},"type":"InitializeVariable","inputs":{"variables":[{"name":"TotalIncl","type":"string"}]}},"Initialize_Total_Excluding_Taxes_variable":{"runAfter":{"Initialize_Total_Including_Taxes_variable":["Succeeded"]},"type":"InitializeVariable","inputs":{"variables":[{"name":"TotalExcl","type":"string"}]}}},"outputs":{},"description":"when an invoice arrives to your mailbox - save attachment to Sharepoint. also parse the attachment with Mindee - and post the values to an Excel Table."},"connectionReferences":{"shared_sharepointonline":{"connectionName":"shared-sharepointonl-c73ce380-9fe3-4510-be5a-e38f-bddcb7c0","source":"Embedded","id":"/providers/Microsoft.PowerApps/apis/shared_sharepointonline","tier":"NotSpecified"},"shared_excelonlinebusiness":{"connectionName":"shared-excelonlinebu-b469b6ee-42e4-42a2-8d26-252a-7db06fb7","source":"Embedded","id":"/providers/Microsoft.PowerApps/apis/shared_excelonlinebusiness","tier":"NotSpecified"},"shared_office365_1":{"connectionName":"shared-office365-bcfbba09-7e4a-465a-9a08-581e-72c2867d","source":"Embedded","id":"/providers/Microsoft.PowerApps/apis/shared_office365","tier":"NotSpecified"}},"flowFailureAlertSubscribed":false}}