{"name":"d4a7ab93-ef6f-4254-b11e-70f8e229a4c5","id":"/providers/Microsoft.Flow/flows/d4a7ab93-ef6f-4254-b11e-70f8e229a4c5","type":"Microsoft.Flow/flows","properties":{"apiId":"/providers/Microsoft.PowerApps/apis/shared_logicflows","displayName":"Mindee / SharePoint Online integration v2.5","definition":{"metadata":{"workflowEntityId":null,"flowclientsuspensionreason":"None","flowclientsuspensiontime":null,"creator":{"id":"046cd360-388a-4433-85c1-b37146397e40","type":"User","tenantId":"d5f3d3cf-a8c7-4ba4-acbb-5f9055cf0803"},"provisioningMethod":"FromDefinition","failureAlertSubscription":true,"clientLastModifiedTime":"2021-01-13T21:26:23.817535Z"},"$schema":"https://schema.management.azure.com/providers/Microsoft.Logic/schemas/2016-06-01/workflowdefinition.json#","contentVersion":"1.0.0.0","parameters":{"$connections":{"defaultValue":{},"type":"Object"},"$authentication":{"defaultValue":{},"type":"SecureObject"}},"triggers":{"On_new_email":{"recurrence":{"frequency":"Minute","interval":3},"splitOn":"@triggerOutputs()?['body/value']","type":"OpenApiConnection","inputs":{"host":{"apiId":"/providers/Microsoft.PowerApps/apis/shared_office365","connectionName":"shared_office365_1","operationId":"OnNewEmailV3"},"parameters":{"folderPath":"Inbox","to":"doug@riolinx.com","includeAttachments":true,"importance":"Normal","fetchOnlyWithAttachment":true},"authentication":"@parameters('$authentication')"}}},"actions":{"Apply_to_each_Attachment_on_the_email":{"foreach":"@triggerOutputs()?['body/attachments']","actions":{"Call_Mindee's_Invoices_API":{"runAfter":{},"type":"Http","inputs":{"method":"POST","uri":"https://api.mindee.net/products/invoices/v2/predict","headers":{"X-Inferuser-Token":"@variables('Mindee API Key')","content-type":"multipart/form-data; boundary=----WebKitFormBoundary7MA4YWxkTrZu0gW'"},"body":{"$content-type":"multipart/form-data","$multipart":[{"body":{"$content-type":"@items('Apply_to_each_Attachment_on_the_email')?['contentType']","$content":"@items('Apply_to_each_Attachment_on_the_email')?['contentBytes']"},"headers":{"Content-Disposition":"form-data;name=file;filename=@{items('Apply_to_each_Attachment_on_the_email')?['name']}"}}]}}},"Parse_Mindee's_API_Response_(JSON_format))":{"runAfter":{"Call_Mindee's_Invoices_API":["Succeeded"]},"type":"ParseJson","inputs":{"content":"@body('Call_Mindee''s_Invoices_API')","schema":{"type":"object","properties":{"call":{"type":"object","properties":{"endpoint":{"type":"object","properties":{"name":{"type":"string"},"version":{"type":"string"}}},"finished_at":{"type":"string"},"id":{"type":"string"},"n_documents":{"type":"integer"},"n_inputs":{"type":"integer"},"processing_time":{"type":"number"},"started_at":{"type":"string"}}},"documents":{"type":"array","items":{"type":"object","properties":{"id":{"type":"string"},"name":{"type":"string"}},"required":["id","name"]}},"predictions":{"type":"array","items":{"type":"object","properties":{"company_registration":{"type":"array","items":{"type":"object","properties":{"probability":{"type":"number"},"segmentation":{"type":"object","properties":{"bounding_box":{"type":"array","items":{"type":"array","items":{"type":"number"}}}}},"type":{"type":"string"},"value":{"type":"string"}},"required":["probability","segmentation","type","value"]}},"date":{"type":"object","properties":{"probability":{"type":"number"},"segmentation":{"type":"object","properties":{"bounding_box":{"type":"array","items":{"type":"array","items":{"type":"number"}}}}},"value":{"type":"string"}}},"document_type":{"type":"object","properties":{"value":{"type":"string"}}},"due_date":{"type":"object","properties":{"probability":{"type":"number"},"raw":{"type":"string"},"segmentation":{"type":"object","properties":{"bounding_box":{"type":"array","items":{"type":"array","items":{"type":"number"}}}}},"value":{"type":"string"}}},"invoice_number":{"type":"object","properties":{"probability":{"type":"number"},"segmentation":{"type":"object","properties":{"bounding_box":{"type":"array","items":{"type":"array","items":{"type":"number"}}}}},"value":{"type":"string"}}},"locale":{"type":"object","properties":{"currency":{"type":"string"},"language":{"type":"string"},"probability":{"type":"number"}}},"orientation":{"type":"object","properties":{"degrees":{"type":"integer"},"probability":{"type":"number"}}},"payment_details":{"type":"array"},"supplier":{"type":"object","properties":{"probability":{"type":"number"},"segmentation":{"type":"object","properties":{"bounding_box":{"type":"array"}}},"value":{"type":"string"}}},"taxes":{"type":"array","items":{"type":"object","properties":{"probability":{"type":"number"},"rate":{"type":"number"},"segmentation":{"type":"object","properties":{"bounding_box":{"type":"array","items":{"type":"array","items":{"type":"number"}}}}},"value":{}},"required":["probability","rate","segmentation","value"]}},"total_excl":{"type":"object","properties":{"probability":{"type":"number"},"segmentation":{"type":"object","properties":{"bounding_box":{"type":"array","items":{"type":"array","items":{"type":"number"}}}}},"value":{}}},"total_incl":{"type":"object","properties":{"probability":{"type":"number"},"segmentation":{"type":"object","properties":{"bounding_box":{"type":"array","items":{"type":"array","items":{"type":"number"}}}}},"value":{}}}},"required":["company_registration","date","document_type","due_date","invoice_number","locale","orientation","payment_details","supplier","taxes","total_excl","total_incl"]}}}}}},"Update_Excel_Online_spreadsheet":{"foreach":"@body('Parse_Mindee''s_API_Response_(JSON_format))')?['predictions']","actions":{"Set_Invoice_Date_variable":{"runAfter":{},"type":"SetVariable","inputs":{"name":"InvoiceDate","value":"@items('Update_Excel_Online_spreadsheet')?['date']?['value']"}},"Set_Due_Date_variable":{"runAfter":{"Set_Invoice_Date_variable":["Succeeded"]},"type":"SetVariable","inputs":{"name":"DueDate","value":"@items('Update_Excel_Online_spreadsheet')?['due_date']?['value']"}},"Set_Supplier_variable":{"runAfter":{"Set_Due_Date_variable":["Succeeded"]},"type":"SetVariable","inputs":{"name":"Supplier","value":"@items('Update_Excel_Online_spreadsheet')?['supplier']?['value']"}},"Set_Invoice_Number_variable":{"runAfter":{"Set_Supplier_variable":["Succeeded"]},"type":"SetVariable","inputs":{"name":"InvoiceNumber","value":"@items('Update_Excel_Online_spreadsheet')?['invoice_number']?['value']"}},"Set_Total_Including_Taxes_variable":{"runAfter":{"Set_Invoice_Number_variable":["Succeeded"]},"type":"SetVariable","inputs":{"name":"TotalIncl","value":"@string(items('Update_Excel_Online_spreadsheet')?['total_incl']?['value'])"}},"Set_Total_Excluding_Taxes_variable":{"runAfter":{"Set_Total_Including_Taxes_variable":["Succeeded"]},"type":"SetVariable","inputs":{"name":"TotalExcl","value":"@string(items('Update_Excel_Online_spreadsheet')?['total_excl']?['value'])"}},"Set_Currency_variable":{"runAfter":{"Set_Total_Excluding_Taxes_variable":["Succeeded"]},"type":"SetVariable","inputs":{"name":"Currency","value":"@items('Update_Excel_Online_spreadsheet')?['locale']?['currency']"}},"Set_Language_variable":{"runAfter":{"Set_Currency_variable":["Succeeded"]},"type":"SetVariable","inputs":{"name":"Language","value":"@items('Update_Excel_Online_spreadsheet')?['locale']?['language']"}}},"runAfter":{"Parse_Mindee's_API_Response_(JSON_format))":["Succeeded"]},"type":"Foreach"}},"runAfter":{"Initialize_Total_Excluding_Taxes_variable":["Succeeded"]},"type":"Foreach"},"Initialize_Invoice_Date_variable":{"runAfter":{"Mindee_API_key":["Succeeded"]},"type":"InitializeVariable","inputs":{"variables":[{"name":"InvoiceDate","type":"string"}]}},"Initialize_Due_Date_variable":{"runAfter":{"Initialize_Invoice_Date_variable":["Succeeded"]},"type":"InitializeVariable","inputs":{"variables":[{"name":"DueDate","type":"string"}]}},"Initialize_Supplier_variable":{"runAfter":{"Initialize_Due_Date_variable":["Succeeded"]},"type":"InitializeVariable","inputs":{"variables":[{"name":"Supplier","type":"string"}]}},"Initialize_Invoice_Number_variable":{"runAfter":{"Initialize_Supplier_variable":["Succeeded"]},"type":"InitializeVariable","inputs":{"variables":[{"name":"InvoiceNumber","type":"string"}]}},"Initialize_Currency_variable":{"runAfter":{"Initialize_Invoice_Number_variable":["Succeeded"]},"type":"InitializeVariable","inputs":{"variables":[{"name":"Currency","type":"string"}]}},"Initialize_Language_variable":{"runAfter":{"Initialize_Currency_variable":["Succeeded"]},"type":"InitializeVariable","inputs":{"variables":[{"name":"Language","type":"string"}]}},"Initialize_Total_Including_Taxes_variable":{"runAfter":{"Initialize_Language_variable":["Succeeded"]},"type":"InitializeVariable","inputs":{"variables":[{"name":"TotalIncl","type":"string"}]}},"Initialize_Total_Excluding_Taxes_variable":{"runAfter":{"Initialize_Total_Including_Taxes_variable":["Succeeded"]},"type":"InitializeVariable","inputs":{"variables":[{"name":"TotalExcl","type":"string"}]}},"Mindee_API_key":{"runAfter":{},"type":"InitializeVariable","inputs":{"variables":[{"name":"Mindee API Key","type":"string"}]},"description":"This is required to be added before running the flow"}},"outputs":{},"description":"when an invoice arrives to your mailbox - save attachment to Sharepoint. also parse the attachment with Mindee - and post the values to an Excel Table."},"connectionReferences":{"shared_office365_1":{"connectionName":"shared-office365-d9774f7f-6c24-4dad-8cd3-bf14-244dbd2b","source":"Embedded","id":"/providers/Microsoft.PowerApps/apis/shared_office365","tier":"NotSpecified"}},"flowFailureAlertSubscribed":false}}